PANDAS 003	2023-01-13 23:41|00:06	2023-01-18 22:02|00:05	2023-01-23 23:18|00:12	2023-01-28 11:43|01:19	2023-02-11 16:36|00:26	2023-03-07 01:38|00:29	2023-03-21 01:08|00:34	2023-03-26 03:16|00:22	2023-03-31 00:43|00:23	2023-04-10 12:56|00:20	2023-04-26 20:29|00:20	2023-05-20 16:19|00:19	2023-08-06 17:49|00:20	2023-09-08 20:59|00:22				
PANDAS 008 anki nlp	2023-06-13 00:06|00:39	2023-06-14 23:43|02:02	2023-08-27 02:45|00:38	2023-09-23 01:45|00:21														
PANDAS 006 anki	2023-05-13 14:35|06:00	2023-05-14 22:05|01:22	2023-06-08 23:59|01:30	2023-06-11 15:02|00:33	06-08-2023|00:32													
GOOGLEAPPS 001	2023-04-23 23:21|01:52	2023-04-24 23:46|01:07	2023-04-25 22:20|00:21	2023-05-04 00:05|00:22	2023-05-26 00:08|00:26	2023-08-03 23:11|00:44	2023-08-28 22:18|00:27	2023-09-29 23:59|00:31										
PANDAS 007 Car	2023-05-28 03:17|01:19	2023-05-29 00:11|00:38	2023-06-03 18:41|00:11	2023-06-07 01:01|00:14	06-08-2023|00:09	2023-08-21 01:05|00:09	2023-09-29 00:56|00:11											
PANDAS 004	2023-01-20 22:41|00:23	2023-01-24 22:58|00:25	2023-01-27 21:56|00:36	2023-01-31 22:18|00:20	2023-02-12 21:40|00:21	2023-03-15 21:01|00:22	2023-03-17 00:03|00:15	2023-03-25 01:14|00:18	2023-03-29 23:22|00:16	2023-04-06 21:35|00:15	2023-04-17 22:45|00:15	2023-05-02 21:06|00:14	2023-06-07 22:38|00:43	2023-08-27 22:14|00:24	2023-09-30 19:27|00:22			
PYTHON_REAL_PYTHON 002	2023-09:03 23:41|04:00	2023-09-05 00:54|00:44	2023-09-08 01:31|00:40	2023-10-13 23:32|00:50														
PANDAS 009	2023-11-12 14:26|04:20	2023-12-05 08:42|00:28	2023-12-06 09:14|00:51															
PANDAS 001	2023-01-06 08:00|00:22	2023-01-08 13:11|00:22	2023-01-12 00:52|00:31	2023-01-17 23:55|00:23	2023-01-22 11:10|00:31	2023-01-26 21:02|00:25	2023-02-10 23:30|00:36	2023-03-14 23:59|00:47	2023-03-21 23:39|00:32	2023-03-29 00:42|00:23	2023-04-07 15:13|00:20	2023-04-22 13:28|00:20	2023-05-16 22:53|00:31	2023-08-03 18:19|00:28	2023-08-28 23:32|00:25	2023-12-08 08:20|00:39		
PYTHON_DABAEZ 001	2023-09-19 23:38|00:19	2023-09-21 00:39|00:21	2023-12-22 08:39|00:23															
PYTHON_REAL_PYTHON 001	2023-06-20 01:17|00:25	2023-06-20 22:28|00:24	2023-06-22 23:53|00:33	2023-06-24 02:03|00:55	2023-06-27 00:21|00:30	2023-06-30 22:55|00:21	2023-07-02 01:10|00:32	2023-07-19 01:18|00:34	2023-07-20 23:30|00:29	2023-08-28 00:00|00:25	2023-12-19 08:13|00:37							
PANDAS 002	2023-01-06 13:08|00:12	2023-01-07 23:05|00:19	2023-01-10 21:45|00:10	2023-01-12 20:16|00:22	2023-01-16 23:29|00:10	2023-01-21 14:10|00:26	2023-01-26 00:29|00:15	2023-02-01 23:00|00:10	2023-03-05 00:54|00:14	2023-03-19 21:21|00:14	2023-03-26 22:19|00:23	2023-04-06 01:54|00:12	2023-04-19 23:37|00:08	2023-05-16 00:45|00:11	2023-06-15 20:28|1082227:17	2023-06-15 20:39|00:10	2023-08-27 23:32|00:09	2023-12-20 09:02|00:13
PYTHON_FROM_DOCS 002	2023-01-29 23:08|01:00	2023-02-09 23:54|00:40	2023-03-05 23:58|00:29	2023-03-18 00:26|00:29	2023-03-22 19:44|00:45	2023-03-28 01:09|00:14	2023-04-03 01:11|00:26	2023-04-16 16:41|00:27	2023-04-28 22:20|00:22	2023-05-27 01:42|00:27	2023-08-06 18:12|00:19	2023-09-02 22:40|00:21	2023-12-21 08:45|00:18					